ID,Subject,Topic,Difficulty,Question,Choice A,Choice B,Choice C,Choice D,Answer,Solution
MATH-001,Mathematics,Integral Calculus,Moderate,Find the derivative of f(x) = x³ − 5x² + 3x − 7.,3x² − 10x + 3,3x² − 5x + 3,x³ − 10x + 3,3x² − 10x − 7,3x² − 10x + 3,"Using the Power Rule: d/dx[xⁿ] = nxⁿ⁻¹. Differentiate each term: d/dx[x³] = 3x², d/dx[−5x²] = −10x, d/dx[3x] = 3, d/dx[−7] = 0. Result: f'(x) = 3x² − 10x + 3."
MATH-002,Mathematics,Differential Equations,Moderate,What is the integral of cos(x) dx?,sin(x) + C,-sin(x) + C,cos(x) + C,-cos(x) + C,sin(x) + C,"The integral of cos(x) is a standard result. Since d/dx[sin(x)] = cos(x), it follows that ∫ cos(x) dx = sin(x) + C."
MATH-003,Mathematics,Advanced Engineering Math,Difficult,Solve the differential equation dy/dx = 3x².,y = x³ + C,y = 3x³ + C,y = x² + C,y = 6x + C,y = x³ + C,Separate variables: dy = 3x² dx. Integrate both sides: ∫ dy = ∫ 3x² dx → y = x³ + C. This is the general solution.
MATH-004,Mathematics,Engineering Data Analysis,Easy,Evaluate the limit of (x² - 1)/(x - 1) as x approaches 1.,0,1,2,Undefined,2,Direct substitution gives 0/0 (indeterminate). Factor: (x²−1)/(x−1) = (x+1)(x−1)/(x−1) = x+1. As x→1: limit = 1+1 = 2.
MATH-005,Mathematics,Differential Calculus,Difficult,What is the Laplace transform of 1?,1/s,s,1/s²,1,1/s,By definition of the Laplace transform: L{1} = ∫₀^∞ e^(−st)·1 dt = [−e^(−st)/s]₀^∞ = 0 − (−1/s) = 1/s.
MATH-006,Mathematics,Integral Calculus,Difficult,Find the magnitude of the complex number 3 + 4i.,5,7,25,12,5,The magnitude of a complex number a + bi is |z| = √(a² + b²). For 3 + 4i: |z| = √(3² + 4²) = √(9 + 16) = √25 = 5.
MATH-007,Mathematics,Differential Equations,Moderate,What is the probability of getting a sum of 7 when rolling two standard dice?,1/6,1/12,1/36,1/7,1/6,"Combinations that sum to 7: (1,6),(2,5),(3,4),(4,3),(5,2),(6,1) = 6 favorable outcomes. Total outcomes = 6×6 = 36. P = 6/36 = 1/6."
MATH-008,Mathematics,Advanced Engineering Math,Easy,Find the second derivative of y = sin(x).,-sin(x),cos(x),-cos(x),sin(x),-sin(x),First derivative: dy/dx = cos(x). Second derivative: d²y/dx² = d/dx[cos(x)] = −sin(x).
MATH-009,Mathematics,Engineering Data Analysis,Moderate,"What is the dot product of vectors <1, 2> and <3, 4>?",11,10,14,7,11,"Dot product of <a₁,a₂> · <b₁,b₂> = a₁b₁ + a₂b₂. So <1,2>·<3,4> = (1)(3) + (2)(4) = 3 + 8 = 11."
MATH-010,Mathematics,Differential Calculus,Easy,Evaluate integral of e^x dx.,e^x + C,xe^x + C,e^x/x + C,ln(x) + C,e^x + C,"The integral of eˣ is a fundamental result: ∫ eˣ dx = eˣ + C, since d/dx[eˣ] = eˣ."
MATH-011,Mathematics,Integral Calculus,Easy,Evaluate ∫ 3x² dx.,x³ + C,3x³ + C,6x + C,x²/2 + C,x³ + C,Apply the Power Rule for integration: ∫ xⁿ dx = xⁿ⁺¹/(n+1) + C. So ∫ 3x² dx = 3·(x³/3) + C = x³ + C.
MATH-012,Mathematics,Differential Equations,Easy,Which of the following is a solution to dy/dx = y?,y = Ceˣ,y = Ce^(−x),y = Cx,y = C,y = Ceˣ,"If dy/dx = y, the solution is found by separation: dy/y = dx → ln|y| = x + C → y = Ceˣ. Verify: d/dx[Ceˣ] = Ceˣ = y. ✓"
MATH-013,Mathematics,Advanced Engineering Math,Easy,"What is the determinant of the matrix [[2,3],[1,4]]?",5,11,8,−5,5,"For a 2×2 matrix [[a,b],[c,d]], det = ad − bc. det([[2,3],[1,4]]) = (2)(4) − (3)(1) = 8 − 3 = 5."
MATH-014,Mathematics,Engineering Data Analysis,Difficult,"In a data set, the value that appears most often is called the:",Mode,Mean,Median,Range,Mode,"The mode is the value that appears most frequently in a data set. (Mean = average, Median = middle value, Range = max − min.)"
MATH-015,Mathematics,Differential Calculus,Easy,What is the derivative of f(x) = 5x⁴?,20x³,5x³,4x³,20x⁵,20x³,Apply the Power Rule: d/dx[xⁿ] = nxⁿ⁻¹. So d/dx[5x⁴] = 5 × 4x³ = 20x³.
MATH-016,Mathematics,Integral Calculus,Easy,Evaluate ∫ (2x + 1) dx.,x² + x + C,2x² + x + C,x² + C,2x + C,x² + x + C,Integrate term by term: ∫ 2x dx = x² and ∫ 1 dx = x. Therefore ∫ (2x + 1) dx = x² + x + C.
MATH-017,Mathematics,Differential Equations,Moderate,What is the order of the differential equation d²y/dx² + 3(dy/dx) + 2y = 0?,2,1,3,0,2,"The order of a differential equation is the highest derivative present. The term d²y/dx² is a second derivative, so the order is 2."
MATH-018,Mathematics,Advanced Engineering Math,Easy,A matrix is said to be singular if its determinant is:,0,1,−1,Infinity,0,A matrix is singular (non-invertible) when its determinant equals 0. A singular matrix has no inverse and its rows are linearly dependent.
MATH-019,Mathematics,Engineering Data Analysis,Moderate,A fair coin is tossed 3 times. What is the probability of getting exactly 2 heads?,3/8,1/4,1/2,1/8,3/8,"Using Binomial Probability: P(X=k) = C(n,k)·pᵏ·(1−p)ⁿ⁻ᵏ. P(X=2) = C(3,2)·(0.5)²·(0.5)¹ = 3·(0.25)·(0.5) = 3/8."
MATH-020,Mathematics,Differential Calculus,Easy,Find dy/dx if y = ln(x).,1/x,x,1/x²,ln(x)/x,1/x,"The derivative of ln(x) is a standard result: d/dx[ln(x)] = 1/x, valid for x > 0."
MATH-021,Mathematics,Integral Calculus,Moderate,Find ∫ x·eˣ dx using integration by parts.,xeˣ − eˣ + C,xeˣ + eˣ + C,eˣ + C,x²eˣ + C,xeˣ − eˣ + C,"Integration by parts: ∫ u dv = uv − ∫ v du. Let u = x, dv = eˣ dx → du = dx, v = eˣ. Result: xeˣ − ∫ eˣ dx = xeˣ − eˣ + C."
MATH-022,Mathematics,Differential Equations,Difficult,Find the general solution of dy/dx + y = 0.,y = Ce^(−x),y = Ceˣ,y = C,y = Ce^(x²),y = Ce^(−x),Rewrite as dy/y = −dx. Integrate both sides: ln|y| = −x + C₁ → y = Ce^(−x). This is the general solution.
MATH-023,Mathematics,Advanced Engineering Math,Difficult,"Find the eigenvalues of the matrix [[3,1],[0,2]].",3 and 2,1 and 2,3 and 1,2 and 1,3 and 2,"For a triangular (upper triangular) matrix, eigenvalues are the diagonal entries. The matrix [[3,1],[0,2]] has eigenvalues λ = 3 and λ = 2."
MATH-024,Mathematics,Engineering Data Analysis,Difficult,"Compute the standard deviation of {2, 4, 4, 4, 5, 5, 7, 9}.",2,3,4,1,2,Mean = (2+4+4+4+5+5+7+9)/8 = 40/8 = 5. Variance = [(2−5)²+(4−5)²+(4−5)²+(4−5)²+(5−5)²+(5−5)²+(7−5)²+(9−5)²]/8 = [9+1+1+1+0+0+4+16]/8 = 32/8 = 4. SD = √4 = 2.
MATH-025,Mathematics,Differential Calculus,Easy,What is the critical point of f(x) = x² − 4x + 3?,x = 2,x = 4,x = 1,x = 3,x = 2,Take derivative: f'(x) = 2x − 4. Set equal to zero: 2x − 4 = 0 → x = 2. f''(x) = 2 > 0 (minimum). The critical point is x = 2.
MATH-026,Mathematics,Integral Calculus,Moderate,Evaluate ∫₀¹ (3x² − 2x) dx.,0,1,2,−1,0,∫₀¹ (3x² − 2x) dx = [x³ − x²]₀¹ = (1³ − 1²) − (0 − 0) = (1 − 1) − 0 = 0.
MATH-027,Mathematics,Differential Equations,Difficult,"Solve the DE: d²y/dx² − y = 0, given y(0) = 1, y'(0) = 0.",y = cosh(x),y = sinh(x),y = eˣ,y = cos(x),y = cosh(x),"Characteristic equation: r² − 1 = 0 → r = ±1. General solution: y = C₁eˣ + C₂e^(−x). Applying conditions y(0)=1, y'(0)=0: C₁=C₂=1/2. Since cosh(x) = (eˣ + e^(−x))/2, y = cosh(x)."
MATH-028,Mathematics,Advanced Engineering Math,Difficult,"What is the inverse of [[1,2],[3,4]]?","[[-2,1],[3/2,−1/2]]","[[4,−2],[−3,1]]","[[1,−2],[−3,4]]","[[4,2],[3,1]]","[[-2,1],[3/2,−1/2]]","For [[a,b],[c,d]], inverse = (1/det)·[[d,−b],[−c,a]]. det = (1)(4)−(2)(3) = −2. Inverse = (−1/2)·[[4,−2],[−3,1]] = [[-2,1],[3/2,−1/2]]."
MATH-029,Mathematics,Engineering Data Analysis,Easy,"What is the mean of the data set: 10, 20, 30, 40, 50?",30,25,35,40,30,Mean = sum/count = (10+20+30+40+50)/5 = 150/5 = 30.
MATH-030,Mathematics,Differential Calculus,Difficult,"Using L'Hôpital's Rule, find lim(x→0) sin(x)/x.",1,0,∞,−1,1,"Both sin(0)=0 and 0 are 0, giving 0/0. Apply L'Hôpital: lim(x→0) cos(x)/1 = cos(0) = 1."
MATH-031,Mathematics,Integral Calculus,Difficult,Find the area bounded by y = x² and y = x.,1/6,1/3,1/2,1,1/6,"Intersection: x² = x → x = 0, 1. Area = ∫₀¹ (x − x²) dx = [x²/2 − x³/3]₀¹ = 1/2 − 1/3 = 1/6."
MATH-032,Mathematics,Differential Equations,Moderate,The Wronskian of two solutions y₁ = eˣ and y₂ = e^(−x) is:,−2,2,0,1,−2,W = |y₁ y₂; y₁' y₂'| = |(eˣ)(−e^(−x)) − (e^(−x))(eˣ)| = −1 − 1 = −2.
MATH-033,Mathematics,Advanced Engineering Math,Moderate,The Laplace transform of e^(at) is:,1/(s−a),1/(s+a),a/s²,s/(s²+a²),1/(s−a),"L{e^(at)} = ∫₀^∞ e^(at)·e^(−st) dt = ∫₀^∞ e^(−(s−a)t) dt = 1/(s−a), valid for s > a."
MATH-034,Mathematics,Engineering Data Analysis,Difficult,"In a normal distribution, approximately what percent of data lies within one standard deviation of the mean?",68%,95%,99.7%,50%,68%,"The 68-95-99.7 rule (Empirical Rule) states: ~68% of data lies within ±1σ, ~95% within ±2σ, ~99.7% within ±3σ of the mean."
MATH-035,Mathematics,Differential Calculus,Difficult,Find the relative maximum of f(x) = −x² + 4x.,f(2) = 4,f(4) = 0,f(0) = 0,f(1) = 3,f(2) = 4,f'(x) = −2x + 4 = 0 → x = 2. f''(x) = −2 < 0 (maximum). f(2) = −(4) + 4(2) = −4 + 8 = 4. Maximum is at f(2) = 4.
MATH-036,Mathematics,Integral Calculus,Moderate,Evaluate ∫ sin(x) cos(x) dx.,sin²(x)/2 + C,−cos²(x)/2 + C,sin(x) + C,cos(x) + C,sin²(x)/2 + C,"Use substitution u = sin(x), du = cos(x) dx: ∫ sin(x)cos(x) dx = ∫ u du = u²/2 + C = sin²(x)/2 + C."
MATH-037,Mathematics,Differential Equations,Moderate,"Solve: dy/dx = 2xy, with y(0) = 1.",y = e^(x²),y = e^(2x),y = 2x + 1,y = x² + 1,y = e^(x²),Separate: dy/y = 2x dx. Integrate: ln|y| = x² + C → y = Ae^(x²). Apply y(0)=1: 1 = Ae⁰ = A. So y = e^(x²).
MATH-038,Mathematics,Advanced Engineering Math,Difficult,Apply Fourier series: the fundamental period of f(x) = sin(2πx) is:,1,2π,π,2,1,The period T of sin(2πx) is found from 2π/T = 2π → T = 1. The fundamental period is 1.
MATH-039,Mathematics,Engineering Data Analysis,Difficult,A bag contains 4 red and 6 blue balls. What is the probability of drawing a red ball?,2/5,3/5,1/5,4/6,2/5,Total balls = 4 + 6 = 10. P(red) = 4/10 = 2/5.
MATH-040,Mathematics,Differential Calculus,Moderate,What is the derivative of tan(x)?,sec²(x),csc²(x),−csc²(x),sec(x)tan(x),sec²(x),Using the quotient rule on tan(x) = sin(x)/cos(x): d/dx[tan(x)] = (cos²x + sin²x)/cos²x = 1/cos²x = sec²(x).
MATH-041,Mathematics,Integral Calculus,Difficult,Use integration by parts to evaluate ∫ x·ln(x) dx.,x²ln(x)/2 − x²/4 + C,x²ln(x)/2 + x²/4 + C,ln(x)/x + C,x·ln(x) − x + C,x²ln(x)/2 − x²/4 + C,"IBP: u = ln(x), dv = x dx → du = dx/x, v = x²/2. Result: (x²/2)ln(x) − ∫(x²/2)(1/x)dx = x²ln(x)/2 − ∫(x/2)dx = x²ln(x)/2 − x²/4 + C."
MATH-042,Mathematics,Differential Equations,Moderate,"What is the particular solution of dy/dx = 3x², y(0) = 2?",y = x³ + 2,y = 3x³ + 2,y = x² + 2,y = x³ − 2,y = x³ + 2,Integrate: dy/dx = 3x² → y = x³ + C. Apply y(0) = 2: 2 = 0 + C → C = 2. Particular solution: y = x³ + 2.
MATH-043,Mathematics,Advanced Engineering Math,Easy,"What is the trace of matrix [[4,1],[2,3]]?",7,10,5,12,7,"The trace of a matrix is the sum of its diagonal elements: tr([[4,1],[2,3]]) = 4 + 3 = 7."
MATH-044,Mathematics,Engineering Data Analysis,Difficult,"Calculate the variance of {3, 5, 7, 9, 11}.",8,4,6,10,8,Mean = (3+5+7+9+11)/5 = 35/5 = 7. Variance = [(3−7)²+(5−7)²+(7−7)²+(9−7)²+(11−7)²]/5 = [16+4+0+4+16]/5 = 40/5 = 8.
MATH-045,Mathematics,Differential Calculus,Easy,Find the slope of the tangent line to y = x³ at x = 2.,12,8,6,4,12,dy/dx = 3x². At x = 2: slope = 3(2²) = 3(4) = 12.
MATH-046,Mathematics,Integral Calculus,Difficult,Evaluate ∫ 1/(x²−1) dx using partial fractions.,½ ln|(x−1)/(x+1)| + C,ln|x²−1| + C,arctan(x) + C,½ ln|x+1| + C,½ ln|(x−1)/(x+1)| + C,"Partial fractions: 1/(x²−1) = 1/[(x−1)(x+1)] = A/(x−1) + B/(x+1). Solving: A = 1/2, B = −1/2. Integral = ½ ln|x−1| − ½ ln|x+1| + C = ½ ln|(x−1)/(x+1)| + C."
MATH-047,Mathematics,Differential Equations,Difficult,Find the complementary function of d²y/dx² − 5(dy/dx) + 6y = 0.,y = C₁e²ˣ + C₂e³ˣ,y = C₁e²ˣ + C₂e^(−3x),y = C₁e^(−2x) + C₂e^(−3x),y = e^(5x)(C₁ + C₂x),y = C₁e²ˣ + C₂e³ˣ,"Characteristic equation: r² − 5r + 6 = 0 → (r−2)(r−3) = 0 → r = 2, 3. General solution: y = C₁e²ˣ + C₂e³ˣ."
MATH-048,Mathematics,Advanced Engineering Math,Moderate,"Find the rank of the matrix [[1,2,3],[4,5,6],[7,8,9]].",2,3,1,0,2,"Perform row reduction on [[1,2,3],[4,5,6],[7,8,9]]: R2 → R2−4R1 = [0,−3,−6]; R3 → R3−7R1 = [0,−6,−12]; R3 → R3−2R2 = [0,0,0]. Two non-zero rows → rank = 2."
MATH-049,Mathematics,Engineering Data Analysis,Easy,"The median of the data set {5, 3, 8, 1, 9} is:",5,3,8,9,5,"Sort the data: {1, 3, 5, 8, 9}. The middle value (3rd of 5) is 5. Median = 5."
MATH-050,Mathematics,Differential Calculus,Difficult,Determine inflection points of f(x) = x³ − 3x.,x = 0,x = 1,x = −1,x = ±1,x = 0,f''(x) = 6x. Set f''(x) = 0: 6x = 0 → x = 0. Check sign change: f'' < 0 for x < 0 and f'' > 0 for x > 0. Inflection point at x = 0.
GEAS-001,GEAS,Physics,Moderate,"How much will ₱10,000 grow to after 5 years at 8% compounded annually?","₱14,693.28","₱14,000.00","₱15,000.00","₱13,500.00","₱14,693.28","Compound Interest: A = P(1 + r)ⁿ = 10,000(1.08)⁵ = 10,000 × 1.46933 = ₱14,693.28."
GEAS-002,GEAS,Chemistry,Moderate,What Republic Act governs the practice of Electronics Engineering in the Philippines?,RA 9292,RA 8792,RA 7925,RA 9711,RA 9292,Republic Act 9292 (Electronics Engineering Act of 2004) governs the practice of Electronics and Communications Engineering in the Philippines.
GEAS-003,GEAS,ECE Laws,Easy,What is the SI unit of force?,Newton,Joule,Watt,Pascal,Newton,"By Newton's Second Law, Force = mass × acceleration (F = ma). The unit is the Newton (N) = kg·m/s² in the SI system."
GEAS-004,GEAS,Engineering Management,Difficult,Avogadro's number is approximately:,6.022 × 10²³,3.011 × 10²³,12.04 × 10²³,1.00 × 10²³,6.022 × 10²³,"Avogadro's number (Nₐ ≈ 6.022 × 10²³ mol⁻¹) is the number of atoms, molecules, or particles in one mole of a substance."
GEAS-005,GEAS,Engineering Economics,Moderate,"In project management, what does PERT stand for?",Program Evaluation and Review Technique,Project Execution and Reporting Task,Program Estimation and Routing Technique,Project Evaluation and Review Tool,Program Evaluation and Review Technique,"PERT = Program Evaluation and Review Technique. It uses probabilistic time estimates (optimistic, most likely, pessimistic) to schedule projects."
GEAS-006,GEAS,Physics,Difficult,What is the speed of light in a vacuum?,3 × 10^8 m/s,3 × 10^6 m/s,3 × 10^10 m/s,343 m/s,3 × 10^8 m/s,"The speed of light in vacuum is a fundamental physical constant: c = 3 × 10⁸ m/s (exact value: 299,792,458 m/s)."
GEAS-007,GEAS,Chemistry,Easy,What is the standard atmospheric pressure at sea level in kPa?,101.325 kPa,100 kPa,1.013 kPa,10.13 kPa,101.325 kPa,"Standard atmospheric pressure is defined as 101,325 Pa = 101.325 kPa = 1 atm = 760 mmHg at sea level."
GEAS-008,GEAS,ECE Laws,Moderate,Who is known as the father of modern management?,Peter Drucker,Frederick Taylor,Henry Ford,Elton Mayo,Peter Drucker,"Peter Drucker is widely regarded as the father of modern management for his works on management theory, objectives, and knowledge workers."
GEAS-009,GEAS,Engineering Management,Difficult,Which element has the atomic number 14?,Silicon,Carbon,Germanium,Oxygen,Silicon,Atomic number = number of protons. Silicon (Si) has atomic number 14 and is the most widely used semiconductor material in electronics.
GEAS-010,GEAS,Engineering Economics,Moderate,A cost that has already been incurred and cannot be recovered is called:,Sunk cost,Opportunity cost,Fixed cost,Variable cost,Sunk cost,"A sunk cost is a past expenditure that cannot be recovered. In decision-making, sunk costs are irrelevant to future choices (sunk cost fallacy)."
GEAS-011,GEAS,Physics,Moderate,A 5 kg object accelerates at 3 m/s². What net force acts on it?,15 N,8 N,1.67 N,25 N,15 N,Newton's Second Law: F = ma = 5 kg × 3 m/s² = 15 N.
GEAS-012,GEAS,Chemistry,Easy,What is the chemical symbol for gold?,Au,Go,Ag,Gd,Au,"Au comes from the Latin word 'Aurum,' meaning gold. It is chemical element 79 on the periodic table."
GEAS-013,GEAS,ECE Laws,Difficult,"Under RA 9292, who regulates the practice of Electronics Engineering in the Philippines?",IECEP and PRC,TESDA,DICT,DOE,IECEP and PRC,"Under RA 9292, the Institute of Electronics Engineers of the Philippines (IECEP) and the Professional Regulation Commission (PRC) jointly regulate ECE practice."
GEAS-014,GEAS,Engineering Management,Moderate,Which management function involves setting objectives and determining the best way to achieve them?,Planning,Organizing,Leading,Controlling,Planning,"Planning is the management function of setting goals and determining the best course of action to achieve them. It precedes organizing, leading, and controlling."
GEAS-015,GEAS,Engineering Economics,Easy,"What is the simple interest on ₱5,000 at 6% per year for 3 years?",₱900,"₱1,000",₱750,₱600,₱900,"Simple Interest: I = Prt = ₱5,000 × 0.06 × 3 = ₱900."
GEAS-016,GEAS,Physics,Moderate,What is the kinetic energy of a 2 kg object moving at 4 m/s?,16 J,8 J,32 J,4 J,16 J,Kinetic Energy: KE = ½mv² = ½ × 2 × (4²) = ½ × 2 × 16 = 16 J.
GEAS-017,GEAS,Chemistry,Moderate,What is the pH of a neutral solution at 25°C?,7,0,14,1,7,"pH = −log[H⁺]. At neutrality, [H⁺] = [OH⁻] = 10⁻⁷ M, so pH = 7. Below 7 is acidic; above 7 is basic."
GEAS-018,GEAS,ECE Laws,Easy,What Republic Act is known as the Electronic Commerce Act of the Philippines?,RA 8792,RA 9292,RA 7925,RA 10173,RA 8792,"RA 8792 is the Electronic Commerce Act of 2000, which recognizes electronic documents, signatures, and transactions as legally valid in the Philippines."
GEAS-019,GEAS,Engineering Management,Moderate,"Maslow's Hierarchy of Needs, from lowest to highest, starts with:",Physiological needs,Safety needs,Esteem needs,Self-actualization,Physiological needs,Maslow's Hierarchy (bottom to top): Physiological → Safety → Love/Belonging → Esteem → Self-Actualization. The most basic needs must be met first.
GEAS-020,GEAS,Engineering Economics,Difficult,"What is the present worth of ₱1,000 received 3 years from now at 10% interest?",₱751.31,₱700.00,₱833.33,₱900.91,₱751.31,"Present Worth: P = F/(1+i)ⁿ = 1,000/(1.10)³ = 1,000/1.331 = ₱751.31."
GEAS-021,GEAS,Physics,Easy,What is the unit of electric charge in the SI system?,Coulomb,Ampere,Volt,Farad,Coulomb,The Coulomb (C) is the SI unit of electric charge. 1 Coulomb = charge of approximately 6.242 × 10¹⁸ electrons.
GEAS-022,GEAS,Chemistry,Moderate,How many electrons can the second energy shell of an atom hold?,8,2,18,32,8,"Electron shells follow the 2n² rule: Shell 1 holds 2, Shell 2 holds 8, Shell 3 holds 18. The second shell can hold a maximum of 8 electrons."
GEAS-023,GEAS,ECE Laws,Moderate,"Under RA 9292, what is the minimum number of CPD units required for the renewal of an ECE license per compliance period?",45 units,30 units,60 units,15 units,45 units,"Under RA 9292 and PRC regulations, licensed ECEs must complete 45 CPD (Continuing Professional Development) units per 3-year compliance period for license renewal."
GEAS-024,GEAS,Engineering Management,Difficult,The critical path in project management is the:,Longest path from start to finish,Shortest path from start to finish,Path with most resources,Path with the fewest activities,Longest path from start to finish,The critical path is the longest sequence of dependent tasks from start to finish. It determines the minimum project duration; any delay on it delays the whole project.
GEAS-025,GEAS,Engineering Economics,Moderate,"Annual depreciation using straight-line method on an asset costing ₱50,000 with ₱5,000 salvage value over 5 years is:","₱9,000","₱10,000","₱45,000","₱5,000","₱9,000","Straight-Line Depreciation: d = (Cost − Salvage)/Life = (50,000 − 5,000)/5 = 45,000/5 = ₱9,000 per year."
GEAS-026,GEAS,Physics,Difficult,A body falls freely from rest. How far does it fall in 3 seconds? (g = 9.81 m/s²),44.1 m,29.4 m,88.2 m,9.81 m,44.1 m,Free-fall distance: d = ½gt² = ½ × 9.81 × 3² = ½ × 9.81 × 9 = 44.145 ≈ 44.1 m.
GEAS-027,GEAS,Chemistry,Easy,The atomic number of Carbon is:,6,12,14,8,6,"Carbon (C) has atomic number 6, meaning it has 6 protons. It is the basis of organic chemistry and has atomic mass ≈ 12 g/mol."
GEAS-028,GEAS,ECE Laws,Difficult,Which Philippine law governs data privacy and protection?,RA 10173,RA 8792,RA 9292,RA 7925,RA 10173,RA 10173 is the Data Privacy Act of 2012. It protects personal information in government and private sector data systems in the Philippines.
GEAS-029,GEAS,Engineering Management,Moderate,What does PERT stand for?,Program Evaluation and Review Technique,Project Engineering Resource Tracking,Performance and Engineering Review Tool,Process Evaluation Review Timeline,Program Evaluation and Review Technique,PERT = Program Evaluation and Review Technique. It is used for scheduling complex projects with uncertain time estimates using probabilistic analysis.
GEAS-030,GEAS,Engineering Economics,Difficult,Benefit-cost ratio analysis recommends a project if the ratio is:,Greater than 1,Less than 1,Equal to 0,Less than 0,Greater than 1,Benefit-Cost Ratio (BCR) = PV of Benefits / PV of Costs. A project is economically justified when BCR > 1 (benefits outweigh costs).
GEAS-031,GEAS,Physics,Difficult,A wave has a frequency of 50 Hz and a wavelength of 4 m. What is its speed?,200 m/s,12.5 m/s,54 m/s,46 m/s,200 m/s,Wave speed: v = fλ = 50 Hz × 4 m = 200 m/s.
GEAS-032,GEAS,Chemistry,Difficult,Avogadro's number is approximately:,6.022 × 10²³,6.022 × 10²²,3.014 × 10²³,1.38 × 10²³,6.022 × 10²³,"Avogadro's number Nₐ ≈ 6.022 × 10²³ mol⁻¹ is the number of constituent particles (atoms, molecules) in one mole of a substance."
GEAS-033,GEAS,ECE Laws,Moderate,Which government body administers the ECE Licensure Examination in the Philippines?,PRC,IECEP,CHED,DTI,PRC,"The Professional Regulation Commission (PRC) administers all licensure examinations in the Philippines, including the ECE board exam."
GEAS-034,GEAS,Engineering Management,Easy,"In Gantt charts, horizontal bars represent:",Activity durations,Resource costs,Risk levels,Team sizes,Activity durations,"In a Gantt chart, each horizontal bar represents a project task/activity. The bar's length and position indicate the activity's start, duration, and end."
GEAS-035,GEAS,Engineering Economics,Difficult,The break-even point is where:,Total revenue = Total cost,Profit is maximum,Fixed cost = Variable cost,Revenue is zero,Total revenue = Total cost,"Break-even point: the production/sales level where total revenue equals total costs (TR = TC), resulting in zero profit or loss."
GEAS-036,GEAS,Physics,Difficult,Two charges of +2 C and +3 C are 1 m apart. What is the force between them? (k = 9×10⁹ N·m²/C²),54 × 10⁹ N,6 × 10⁹ N,9 × 10⁹ N,27 × 10⁹ N,54 × 10⁹ N,Coulomb's Law: F = k·q₁·q₂/r² = (9×10⁹)(2)(3)/1² = 54 × 10⁹ N.
GEAS-037,GEAS,Chemistry,Moderate,What type of bond holds water molecules together (intermolecular)?,Hydrogen bond,Ionic bond,Covalent bond,Metallic bond,Hydrogen bond,Water molecules are held together by hydrogen bonds (O−H···O). These are intermolecular forces; the O−H bonds within each molecule are covalent.
GEAS-038,GEAS,ECE Laws,Easy,RA 7925 is known as the:,Public Telecommunications Policy Act,Electronic Commerce Act,ECE Modernization Act,Data Privacy Act,Public Telecommunications Policy Act,RA 7925 (Public Telecommunications Policy Act of 1995) established the policy framework for telecommunications development in the Philippines.
GEAS-039,GEAS,Engineering Management,Moderate,Which leadership style delegates all decision-making to subordinates?,Laissez-faire,Autocratic,Democratic,Transactional,Laissez-faire,"Laissez-faire leadership involves minimal intervention, delegating full authority and decision-making to subordinates. Effective with highly skilled, self-motivated teams."
GEAS-040,GEAS,Engineering Economics,Moderate,"If an investment doubles in 7 years using compound interest, what is the approximate interest rate? (Rule of 72)",≈10.3%,≈7%,≈14.4%,≈5%,≈10.3%,Rule of 72: Rate ≈ 72/Years to double = 72/7 ≈ 10.3%.
GEAS-041,GEAS,Physics,Easy,What is the speed of light in vacuum?,3 × 10⁸ m/s,3 × 10⁶ m/s,3 × 10¹⁰ m/s,1.5 × 10⁸ m/s,3 × 10⁸ m/s,The speed of light in vacuum is c = 3 × 10⁸ m/s. This is a universal constant used in electromagnetic theory and relativity.
GEAS-042,GEAS,Chemistry,Difficult,Sulfuric acid (H₂SO₄) when dissolved in water acts as a:,Strong acid,Weak acid,Base,Neutral salt,Strong acid,"H₂SO₄ is a strong acid because it fully dissociates in water: H₂SO₄ → 2H⁺ + SO₄²⁻. It donates protons readily, making the solution highly acidic."
GEAS-043,GEAS,ECE Laws,Easy,Which law established the National Telecommunications Commission (NTC) in the Philippines?,EO 546,RA 7925,RA 9292,RA 8792,EO 546,Executive Order 546 (1979) created the National Telecommunications Commission (NTC) as the regulatory body for telecommunications in the Philippines.
GEAS-044,GEAS,Engineering Management,Moderate,What is the primary purpose of a work breakdown structure (WBS)?,Decompose project deliverables into manageable components,Assign budgets to team members,Track employee performance,Schedule meetings,Decompose project deliverables into manageable components,"A Work Breakdown Structure (WBS) hierarchically decomposes the total project scope into manageable deliverables and work packages, forming the basis for planning."
GEAS-045,GEAS,Engineering Economics,Easy,"What is the future value of ₱1,000 compounded annually at 5% for 2 years?","₱1,102.50","₱1,100.00","₱1,050.00","₱1,200.00","₱1,102.50","Future Value: FV = PV(1+r)ⁿ = 1,000(1.05)² = 1,000 × 1.1025 = ₱1,102.50."
GEAS-046,GEAS,Physics,Easy,What is the SI unit of power?,Watt,Joule,Newton,Pascal,Watt,The Watt (W) is the SI unit of power. 1 Watt = 1 Joule per second (J/s). Named after James Watt.
GEAS-047,GEAS,Chemistry,Difficult,What is the oxidation state of oxygen in most compounds?,−2,+2,0,−1,−2,"Oxygen's electronegativity causes it to attract electrons strongly. In most compounds (water, oxides), oxygen has an oxidation state of −2. Exceptions: peroxides (−1), OF₂ (+2)."
GEAS-048,GEAS,ECE Laws,Difficult,"Under RA 9292, what is the required passing rate for the ECE board exam?",70%,75%,80%,65%,70%,"Under RA 9292 implementing rules, an examinee must obtain a general average of at least 70% and no grade below 50% in any subject to pass the ECE board exam."
GEAS-049,GEAS,Engineering Management,Moderate,"In engineering economics, 'sunk cost' refers to:",A cost already incurred and irrecoverable,A future cost,A variable cost,A fixed overhead cost,A cost already incurred and irrecoverable,A sunk cost is money already spent and unrecoverable. Rational economic decision-making dictates that sunk costs should be ignored when evaluating future options.
GEAS-050,GEAS,Engineering Economics,Moderate,The net present value (NPV) method accepts a project if NPV is:,Positive,Negative,Equal to zero,Less than the discount rate,Positive,"NPV = PV of cash inflows − Initial investment. If NPV > 0, the investment returns more than the required rate, and the project is accepted."
ELEX-001,Electronics Eng.,AC Circuits,Moderate,A resistor has 12 V across it and 3 A flowing through it. What is its resistance?,4 Ω,36 Ω,0.25 Ω,9 Ω,4 Ω,Ohm's Law: R = V/I = 12 V / 3 A = 4 Ω.
ELEX-002,Electronics Eng.,Electronic Devices,Difficult,"In a series RLC circuit at resonance, the impedance is equal to:",R (pure resistance),Zero,XL + XC,Infinite,R (pure resistance),"At resonance in a series RLC circuit, XL = XC, so they cancel: Z = √(R² + (XL−XC)²) = √(R² + 0) = R. The circuit is purely resistive."
ELEX-003,Electronics Eng.,Logic Circuits,Difficult,What is the Boolean expression for a NAND gate with inputs A and B?,(AB)′,A′B′,A + B,(A + B)′,(AB)′,"A NAND gate is the complement of AND. For inputs A and B, AND output = AB. NAND output = (AB)′ (NOT of AND)."
ELEX-004,Electronics Eng.,Feedback Systems,Difficult,A common-emitter amplifier provides a phase shift of:,180°,0°,90°,270°,180°,"In a common-emitter (CE) BJT amplifier, the output is taken at the collector. The CE configuration inverts the signal, producing a 180° phase shift."
ELEX-005,Electronics Eng.,DC Circuits,Easy,An ideal op-amp has an input impedance of:,Infinity,Zero,100 ohms,1 M ohm,Infinity,"An ideal op-amp has infinite input impedance (draws no current), infinite open-loop gain, zero output impedance, and infinite bandwidth."
ELEX-006,Electronics Eng.,AC Circuits,Difficult,Which semiconductor material is most widely used?,Silicon,Germanium,Gallium Arsenide,Carbon,Silicon,"Silicon (Si) is the most widely used semiconductor because it is abundant, has a suitable bandgap (~1.1 eV), and forms stable oxide layers (SiO₂) for fabrication."
ELEX-007,Electronics Eng.,Electronic Devices,Difficult,Calculate the equivalent resistance of two 10-ohm resistors in parallel.,5 Ω,20 Ω,10 Ω,0.1 Ω,5 Ω,Parallel resistance: 1/Req = 1/R₁ + 1/R₂ = 1/10 + 1/10 = 2/10 → Req = 10/2 = 5 Ω.
ELEX-008,Electronics Eng.,Logic Circuits,Moderate,What is the primary function of a rectifier?,AC to DC,DC to AC,DC to DC,AC to AC,AC to DC,A rectifier converts alternating current (AC) to direct current (DC) by allowing current to flow in only one direction. Used in power supply circuits.
ELEX-009,Electronics Eng.,Feedback Systems,Easy,The Barkhausen criterion is associated with:,Oscillators,Amplifiers,Filters,Regulators,Oscillators,"The Barkhausen criterion states that for sustained oscillations, the loop gain must equal 1 and the total phase shift around the loop must be 0° or 360°."
ELEX-010,Electronics Eng.,DC Circuits,Difficult,Which logic gate outputs 1 only when both inputs are 1?,AND,OR,XOR,NAND,AND,"An AND gate outputs 1 only when ALL inputs are 1. Truth table: 0·0=0, 0·1=0, 1·0=0, 1·1=1."
ELEX-011,Electronics Eng.,AC Circuits,Moderate,"In a purely inductive AC circuit, the current:",Lags the voltage by 90°,Leads the voltage by 90°,Is in phase with voltage,Lags by 45°,Lags the voltage by 90°,"In a pure inductor, voltage leads current by 90° (or current lags voltage by 90°). The inductor resists changes in current: V = L·di/dt."
ELEX-012,Electronics Eng.,Electronic Devices,Difficult,A bipolar junction transistor (BJT) in saturation mode has:,Both junctions forward-biased,Both junctions reverse-biased,"Emitter forward, collector reverse","Emitter reverse, collector forward",Both junctions forward-biased,"BJT operating regions: Active = EB forward, CB reverse. Saturation = both junctions forward-biased. Cutoff = both reverse-biased."
ELEX-013,Electronics Eng.,Logic Circuits,Moderate,Which logic gate outputs 1 only when all inputs are 1?,AND,OR,NAND,NOR,AND,An AND gate outputs HIGH only when all inputs are HIGH. For a 2-input AND: output = A·B. Output is 1 only when A=1 AND B=1.
ELEX-014,Electronics Eng.,Feedback Systems,Difficult,Negative feedback in an amplifier primarily:,Reduces gain but improves stability and bandwidth,Increases gain and distortion,Increases noise,Reduces bandwidth,Reduces gain but improves stability and bandwidth,"Negative feedback reduces gain by factor (1+Aβ) but improves bandwidth, linearity, stability, and reduces distortion. Classic gain-bandwidth tradeoff."
ELEX-015,Electronics Eng.,DC Circuits,Easy,"Three resistors of 6 Ω, 3 Ω, and 2 Ω are connected in parallel. What is the equivalent resistance?",1 Ω,11 Ω,5.5 Ω,2 Ω,1 Ω,Parallel: 1/Req = 1/6 + 1/3 + 1/2 = 1/6 + 2/6 + 3/6 = 6/6 = 1. Therefore Req = 1 Ω.
ELEX-016,Electronics Eng.,AC Circuits,Easy,The impedance of a 10Ω resistor in series with a 10Ω inductive reactance is:,14.14 Ω,20 Ω,10 Ω,100 Ω,14.14 Ω,Series impedance: Z = √(R² + XL²) = √(10² + 10²) = √(100 + 100) = √200 = 14.14 Ω.
ELEX-017,Electronics Eng.,Electronic Devices,Difficult,The threshold voltage of a MOSFET is the gate voltage at which:,The channel begins to form,The device breaks down,Drain current is maximum,The device turns off,The channel begins to form,The MOSFET threshold voltage (Vth) is the minimum gate-to-source voltage (VGS) required to create an inversion layer (conducting channel) between source and drain.
ELEX-018,Electronics Eng.,Logic Circuits,Moderate,Simplify the Boolean expression: A + A·B.,A,A·B,A + B,B,A,Absorption Law: A + A·B = A·(1 + B) = A·1 = A. This is a Boolean algebra identity — A absorbs A·B.
ELEX-019,Electronics Eng.,Feedback Systems,Moderate,"The gain of a feedback amplifier is given by Af = A/(1 + Aβ). If A = 100 and β = 0.01, Af is:",≈50,≈100,≈10,≈90.9,≈50,Af = A/(1 + Aβ) = 100/(1 + 100 × 0.01) = 100/(1 + 1) = 100/2 = 50.
ELEX-020,Electronics Eng.,DC Circuits,Easy,"Using Ohm's Law, what is the current through a 20 Ω resistor with 100 V across it?",5 A,2 A,0.2 A,10 A,5 A,Ohm's Law: I = V/R = 100 V / 20 Ω = 5 A.
ELEX-021,Electronics Eng.,AC Circuits,Easy,What is the resonant frequency of an LC circuit with L = 1 mH and C = 1 μF?,≈5.03 kHz,≈1 kHz,≈10 kHz,≈2.5 kHz,≈5.03 kHz,"fr = 1/(2π√LC) = 1/(2π√(10⁻³ × 10⁻⁶)) = 1/(2π × 10⁻⁴·⁵) ≈ 1/(2π × 3.162 × 10⁻⁵) ≈ 5,033 Hz ≈ 5.03 kHz."
ELEX-022,Electronics Eng.,Electronic Devices,Easy,The forward voltage drop of a silicon diode is approximately:,0.7 V,0.3 V,1.2 V,0 V,0.7 V,A silicon p-n junction diode has a built-in potential barrier of approximately 0.6–0.7 V. Forward biasing must overcome this barrier for conduction. Germanium ≈ 0.3 V.
ELEX-023,Electronics Eng.,Logic Circuits,Easy,What is the binary representation of decimal 13?,1101,1011,1110,1001,1101,"Convert 13 to binary: 13 ÷ 2 = 6 R1, 6 ÷ 2 = 3 R0, 3 ÷ 2 = 1 R1, 1 ÷ 2 = 0 R1. Reading remainders from bottom: 1101."
ELEX-024,Electronics Eng.,Feedback Systems,Moderate,"In a closed-loop control system, what is the purpose of the error signal?",To drive the controller to minimize the difference between desired and actual output,To increase system gain,To generate the reference input,To stop the system,To drive the controller to minimize the difference between desired and actual output,The error signal = reference input − feedback signal. It represents the deviation from desired output and is used to drive the controller to correct the system.
ELEX-025,Electronics Eng.,DC Circuits,Moderate,Kirchhoff's Current Law (KCL) states that:,The sum of currents entering a node equals the sum leaving,Voltage drops around a loop sum to zero,Current is the same in series circuits,All of the above,The sum of currents entering a node equals the sum leaving,"KCL (Kirchhoff's Current Law): At any node, the algebraic sum of currents = 0. Equivalently, sum of currents in = sum of currents out. Based on conservation of charge."
ELEX-026,Electronics Eng.,AC Circuits,Difficult,"In an AC circuit, apparent power is measured in:",VA (volt-amperes),Watts,VAR,Ohms,VA (volt-amperes),Apparent power S = V × I (in VA). It represents total power delivered to a circuit. Real power P (W) = S·cos(θ); Reactive power Q (VAR) = S·sin(θ).
ELEX-027,Electronics Eng.,Electronic Devices,Moderate,An NPN transistor operates in active mode when:,VBE > 0 and VCE > VCE(sat),VBE < 0 and VCE < 0,VBE = 0,VBC > 0,VBE > 0 and VCE > VCE(sat),For NPN BJT in active mode: the base-emitter junction is forward biased (VBE > 0.7V) and the base-collector junction is reverse biased (VCE > VCE(sat)).
ELEX-028,Electronics Eng.,Logic Circuits,Moderate,A half adder has how many outputs?,2 (Sum and Carry),1 (Sum only),3,4,2 (Sum and Carry),A half adder adds two single bits and produces two outputs: Sum (S = A XOR B) and Carry-out (C = A AND B). It cannot handle carry-in.
ELEX-029,Electronics Eng.,Feedback Systems,Moderate,A system is stable if the poles of its transfer function are:,In the left-half of the s-plane,In the right-half of the s-plane,On the imaginary axis,At the origin,In the left-half of the s-plane,"In the s-domain, left-half plane (LHP) poles have negative real parts, producing decaying exponentials → stable. Right-half plane (RHP) poles → growing → unstable."
ELEX-030,Electronics Eng.,DC Circuits,Easy,A 12 V battery with internal resistance 1 Ω drives 2 A. What is the terminal voltage?,10 V,12 V,14 V,11 V,10 V,Terminal voltage: V = EMF − I·r = 12 − (2)(1) = 10 V.
ELEX-031,Electronics Eng.,AC Circuits,Easy,What is the power factor of a purely resistive load?,1,0,0.5,0.707,1,"Power factor = cos(θ) where θ is the phase angle between voltage and current. In a purely resistive circuit, θ = 0°, so PF = cos(0°) = 1."
ELEX-032,Electronics Eng.,Electronic Devices,Moderate,What is the main function of a Zener diode?,Voltage regulation,Rectification,Signal amplification,Frequency generation,Voltage regulation,"A Zener diode operates in reverse breakdown at a specified Zener voltage (Vz). It maintains a nearly constant voltage across it, ideal for voltage regulation."
ELEX-033,Electronics Eng.,Logic Circuits,Moderate,Which flip-flop changes state on every clock pulse?,T flip-flop,D flip-flop,SR flip-flop,JK flip-flop,T flip-flop,A Toggle (T) flip-flop changes (toggles) its output state on every rising (or falling) clock edge when T = 1. It divides the clock frequency by 2.
ELEX-034,Electronics Eng.,Feedback Systems,Moderate,What does the Bode plot show?,Gain and phase vs. frequency,Impedance vs. time,Voltage vs. current,Power vs. frequency,Gain and phase vs. frequency,"A Bode plot consists of two graphs: gain (magnitude in dB) vs. log frequency, and phase (degrees) vs. log frequency. Used in frequency-response analysis of systems."
ELEX-035,Electronics Eng.,DC Circuits,Moderate,The power dissipated by a 5 Ω resistor carrying 3 A is:,45 W,15 W,9 W,25 W,45 W,Power: P = I²R = (3)² × 5 = 9 × 5 = 45 W. (Alternatively P = V²/R = (IR)²/R = I²R.)
ELEX-036,Electronics Eng.,AC Circuits,Easy,"A series RLC circuit has R = 10 Ω, XL = 20 Ω, XC = 20 Ω. What is the impedance?",10 Ω,30 Ω,40 Ω,20 Ω,10 Ω,"At resonance (if XL = XC), they cancel: Z = √(R² + (XL−XC)²) = √(10² + (20−20)²) = √(100) = 10 Ω. The circuit is purely resistive."
ELEX-037,Electronics Eng.,Electronic Devices,Difficult,"In a common-emitter amplifier, what is the phase relationship between input and output?",180° phase shift,0° phase shift,90° phase shift,270° phase shift,180° phase shift,"In a Common-Emitter amplifier, the output (collector) voltage is 180° out of phase with the input (base) voltage. When base goes up, collector goes down."
ELEX-038,Electronics Eng.,Logic Circuits,Difficult,What is the output of XOR gate when inputs are A = 1 and B = 1?,0,1,Undefined,High impedance,0,"XOR truth table: 0 XOR 0 = 0, 0 XOR 1 = 1, 1 XOR 0 = 1, 1 XOR 1 = 0. When both inputs are equal, XOR outputs 0."
ELEX-039,Electronics Eng.,Feedback Systems,Difficult,The Nyquist stability criterion is used to:,Determine closed-loop stability from open-loop frequency response,Design low-pass filters,Measure transistor gain,Calculate resonant frequency,Determine closed-loop stability from open-loop frequency response,The Nyquist criterion examines the open-loop frequency response (Nyquist plot) to determine if the closed-loop system is stable without computing closed-loop poles.
ELEX-040,Electronics Eng.,DC Circuits,Difficult,"In a series circuit with two resistors 4 Ω and 6 Ω connected to 20 V, what is the voltage across the 4 Ω resistor?",8 V,12 V,10 V,4 V,8 V,Voltage divider: V₄Ω = V × R₁/(R₁+R₂) = 20 × 4/(4+6) = 20 × 4/10 = 8 V.
ELEX-041,Electronics Eng.,AC Circuits,Moderate,Reactive power in an AC circuit is measured in:,VAR,Watt,VA,Joule,VAR,"Reactive power Q = V·I·sin(θ), measured in VAR (Volt-Ampere Reactive). It represents energy stored and released by inductors/capacitors per cycle — no net work done."
ELEX-042,Electronics Eng.,Electronic Devices,Moderate,Which semiconductor device is used to amplify and switch electronic signals using a gate terminal?,MOSFET,Diode,Zener diode,Resistor,MOSFET,A MOSFET (Metal-Oxide-Semiconductor Field-Effect Transistor) uses a gate voltage to control current flow between drain and source. Widely used for switching and amplification.
ELEX-043,Electronics Eng.,Logic Circuits,Difficult,How many states does a 4-bit binary counter have?,16,8,4,32,16,A 4-bit binary counter can count from 0000 to 1111 (0 to 15 in decimal). Total states = 2⁴ = 16.
ELEX-044,Electronics Eng.,Feedback Systems,Difficult,Which controller action eliminates steady-state error?,Integral (I) action,Proportional (P) action,Derivative (D) action,Bang-bang control,Integral (I) action,Integral (I) control accumulates error over time and eliminates steady-state error by continuously correcting until error = 0. P action alone leaves a residual error.
ELEX-045,Electronics Eng.,DC Circuits,Moderate,What is the total resistance of 10 Ω and 10 Ω resistors in series?,20 Ω,5 Ω,100 Ω,1 Ω,20 Ω,Series resistance: Req = R₁ + R₂ = 10 + 10 = 20 Ω.
ELEX-046,Electronics Eng.,AC Circuits,Easy,"In a capacitive AC circuit, the current:",Leads the voltage by 90°,Lags the voltage by 90°,Is in phase with voltage,Lags by 45°,Leads the voltage by 90°,"In a pure capacitor, current leads voltage by 90°. The capacitor resists changes in voltage: I = C·dv/dt. Current peaks before voltage."
ELEX-047,Electronics Eng.,Electronic Devices,Moderate,The beta (β) of a BJT relates:,IC to IB,IC to IE,IB to IE,VCE to VBE,IC to IB,"β (DC current gain) = IC/IB, where IC is collector current and IB is base current. β typically ranges from 20 to 500 for common transistors."
ELEX-048,Electronics Eng.,Logic Circuits,Difficult,What logic family is characterized by the lowest power consumption?,CMOS,TTL,ECL,DTL,CMOS,"CMOS (Complementary MOS) uses complementary pairs of p-type and n-type MOSFETs. In steady state, only one transistor conducts at a time, giving extremely low static power."
ELEX-049,Electronics Eng.,Feedback Systems,Moderate,"In a unity feedback system, the steady-state error for a ramp input in a Type 1 system is:",1/Kv,0,1/Kp,Infinity,1/Kv,"For a Type 1 system with unity feedback, the velocity error constant Kv determines the steady-state error for a ramp input: ess = 1/Kv."
ELEX-050,Electronics Eng.,DC Circuits,Moderate,A Wheatstone bridge is balanced when:,R1/R2 = R3/R4,R1 + R2 = R3 + R4,R1 × R2 = R3 × R4,R1 = R2 = R3 = R4,R1/R2 = R3/R4,"Wheatstone bridge balance condition: R1/R2 = R3/R4 (or R1·R4 = R2·R3). At balance, no current flows through the galvanometer — used to find unknown resistance."
EST-001,EST,Transmission Lines,Difficult,An AM signal has carrier frequency fc = 1 MHz and fm = 5 kHz. What are the sideband frequencies?,995 kHz and 1.005 MHz,990 kHz and 1.01 MHz,1 MHz only,5 kHz and 1 MHz,995 kHz and 1.005 MHz,"AM sidebands: fUSB = fc + fm = 1,000 kHz + 5 kHz = 1,005 kHz = 1.005 MHz; fLSB = fc − fm = 1,000 kHz − 5 kHz = 995 kHz."
EST-002,EST,Data Communications,Moderate,What is the characteristic impedance of a loss-less transmission line?,Z0 = √(L/C),Z0 = √(C/L),Z0 = R + jwL,Z0 = √(LC),Z0 = √(L/C),"For a lossless line (R=0, G=0): Z₀ = √(L/C), where L is inductance per unit length and C is capacitance per unit length."
EST-003,EST,Signal Processing,Difficult,A video streaming app prioritizes low latency over guaranteed delivery. Which protocol is appropriate?,UDP,TCP,HTTP,FTP,UDP,UDP (User Datagram Protocol) is connectionless and provides low-latency transmission without guaranteed delivery. TCP guarantees delivery but adds overhead/latency.
EST-004,EST,Antennas,Difficult,"According to Shannon-Hartley theorem, channel capacity depends on:",Bandwidth and SNR,Frequency and Phase,Amplitude and Wavelength,Modulation index,Bandwidth and SNR,"Shannon-Hartley theorem: C = B·log₂(1 + S/N), where C = channel capacity (bps), B = bandwidth (Hz), S/N = signal-to-noise ratio."
EST-005,EST,AM/FM,Moderate,What is the standard impedance of a dipole antenna in free space?,73 ohms,50 ohms,300 ohms,75 ohms,73 ohms,The theoretical radiation resistance of a half-wave dipole in free space is approximately 73.2 Ω (often rounded to 73 Ω).
EST-006,EST,Transmission Lines,Easy,Which frequency band is typically used for FM radio broadcasting?,VHF,UHF,HF,SHF,VHF,"FM broadcasting uses the VHF (Very High Frequency) band, specifically 88–108 MHz in the Philippines and most of the world."
EST-007,EST,Data Communications,Moderate,"In optical fibers, signal travels through the core via:",Total internal reflection,Refraction,Diffraction,Scattering,Total internal reflection,"Total internal reflection occurs when light traveling in the dense core hits the core-cladding interface at an angle greater than the critical angle, keeping it inside."
EST-008,EST,Signal Processing,Moderate,What does standing wave ratio (SWR) equal to when load is perfectly matched?,1,0,Infinity,0.5,1,"SWR = (1+|Γ|)/(1−|Γ|). When the load is perfectly matched, Γ = 0 (no reflection), so SWR = (1+0)/(1−0) = 1."
EST-009,EST,Antennas,Easy,A rectangular pulse in time domain transforms to what in frequency domain?,Sinc function,Gaussian curve,Impulse,Step function,Sinc function,"By the Fourier Transform duality/convolution property, a rectangular (rect) pulse in time transforms to a sinc function in frequency: sinc(f) = sin(πf)/(πf)."
EST-010,EST,AM/FM,Easy,Which OSI layer is responsible for routing?,Network,Data Link,Transport,Physical,Network,Layer 3 (Network Layer) of the OSI model is responsible for logical addressing (IP) and routing packets between networks using routers.
EST-011,EST,Transmission Lines,Easy,What is the characteristic impedance of a transmission line?,Z₀ = √(L/C),Z₀ = L/C,Z₀ = √(LC),Z₀ = C/L,Z₀ = √(L/C),"The characteristic impedance Z₀ = √(L/C) for a lossless transmission line, where L = inductance/length and C = capacitance/length. It defines voltage-to-current ratio."
EST-012,EST,Data Communications,Difficult,What does OSI stand for in networking?,Open Systems Interconnection,Open Signal Interface,Optical Systems Integration,Output Signal Interpretation,Open Systems Interconnection,OSI = Open Systems Interconnection. The OSI model is a 7-layer conceptual framework standardizing communication functions in a network.
EST-013,EST,Signal Processing,Moderate,The Nyquist sampling theorem states that the sampling rate must be:,At least twice the highest frequency in the signal,Equal to the signal frequency,Half the highest frequency,Four times the signal frequency,At least twice the highest frequency in the signal,"Nyquist Theorem: fs ≥ 2·fmax. Sampling at less than twice the highest frequency causes aliasing (overlap of spectral components), distorting the reconstructed signal."
EST-014,EST,Antennas,Difficult,The radiation resistance of a half-wave dipole antenna is approximately:,73.2 Ω,50 Ω,300 Ω,36.6 Ω,73.2 Ω,The radiation resistance of a half-wave dipole is approximately 73.2 Ω. This value comes from integrating the far-field radiation pattern of the dipole.
EST-015,EST,AM/FM,Easy,"In amplitude modulation (AM), the carrier frequency is:",Unchanged; only the amplitude varies,Changed proportionally to the message,Eliminated in DSB-SC,Always higher than the audio,Unchanged; only the amplitude varies,"In AM, the carrier frequency and phase remain constant. The carrier amplitude varies proportionally to the message signal. The carrier itself carries no information."
EST-016,EST,Transmission Lines,Difficult,A transmission line has a reflection coefficient of 0. This means:,The load is perfectly matched,Total reflection occurs,The line is open-circuited,The line is short-circuited,The load is perfectly matched,"Reflection coefficient Γ = (ZL − Z₀)/(ZL + Z₀). When Γ = 0, ZL = Z₀ — the load impedance equals the line impedance (perfect match, no reflections)."
EST-017,EST,Data Communications,Moderate,Which layer of the OSI model handles routing of packets?,Network layer (Layer 3),Data link layer (Layer 2),Transport layer (Layer 4),Physical layer (Layer 1),Network layer (Layer 3),OSI Layer 3 (Network Layer) handles logical addressing and routing. IP operates at this layer; routers are Layer 3 devices.
EST-018,EST,Signal Processing,Easy,What does the Fourier Transform convert a time-domain signal into?,Frequency-domain representation,Amplitude-domain,Phase-domain only,Z-domain,Frequency-domain representation,"The Fourier Transform F(ω) = ∫ f(t)e^(−jωt) dt decomposes a time-domain signal into its constituent frequencies, showing the signal's spectral content."
EST-019,EST,Antennas,Moderate,Antenna gain is measured relative to:,An isotropic radiator (dBi),A dipole (dBd),Free-space loss,The transmitter power,An isotropic radiator (dBi),Antenna gain is commonly expressed in dBi (decibels relative to an isotropic radiator) — a theoretical antenna that radiates equally in all directions.
EST-020,EST,AM/FM,Easy,What is the modulation index of an AM signal with carrier amplitude 10 V and message amplitude 5 V?,0.5,2,0.25,1,0.5,"AM modulation index: m = Am/Ac = 5/10 = 0.5. For undistorted AM, m ≤ 1. At m = 0.5, the signal is 50% modulated."
EST-021,EST,Transmission Lines,Moderate,Standing waves on a transmission line occur when:,There is an impedance mismatch,The line is perfectly matched,Only forward waves exist,The frequency is zero,There is an impedance mismatch,"When ZL ≠ Z₀, a portion of the incident wave is reflected. The superposition of incident and reflected waves creates a standing wave pattern on the line."
EST-022,EST,Data Communications,Moderate,What is the maximum data rate of a standard Ethernet (IEEE 802.3) connection?,10 Mbps,1 Mbps,100 Mbps,1 Gbps,10 Mbps,"Standard Ethernet (10BASE-T, IEEE 802.3) operates at 10 Mbps. Fast Ethernet = 100 Mbps, Gigabit = 1 Gbps, 10-Gigabit = 10 Gbps."
EST-023,EST,Signal Processing,Easy,An ideal low-pass filter passes frequencies:,Below the cutoff frequency,Above the cutoff frequency,At the cutoff frequency only,At all frequencies equally,Below the cutoff frequency,An ideal LPF has a flat passband for f < fc (cutoff frequency) and completely blocks f > fc. It removes high-frequency noise while preserving low-frequency content.
EST-024,EST,Antennas,Easy,The main lobe of an antenna radiation pattern indicates:,The direction of maximum radiation,The direction of minimum radiation,Side lobe radiation,Back lobe radiation,The direction of maximum radiation,"The main lobe is the primary beam of an antenna's radiation pattern — the direction of maximum radiation (and reception). Side lobes are secondary, weaker beams."
EST-025,EST,AM/FM,Easy,FM has an advantage over AM in that FM:,Is more resistant to noise and interference,Uses less bandwidth,Is simpler to demodulate,Requires less transmitter power,Is more resistant to noise and interference,"FM uses frequency deviation to carry information, making it inherently resistant to amplitude noise. AM is susceptible because noise affects amplitude — the information carrier."
EST-026,EST,Transmission Lines,Difficult,The Voltage Standing Wave Ratio (VSWR) of a perfectly matched line is:,1,0,∞,2,1,VSWR = (1+|Γ|)/(1−|Γ|). Perfect match → Γ = 0 → VSWR = 1. Total reflection (short/open) → |Γ| = 1 → VSWR = ∞.
EST-027,EST,Data Communications,Easy,TCP provides which of the following that UDP does not?,"Reliable, connection-oriented delivery",Faster transmission,Multicast support,Lower overhead,"Reliable, connection-oriented delivery","TCP uses three-way handshake, sequence numbers, acknowledgments, and retransmission to ensure reliable, ordered, error-checked delivery. UDP skips all of this for speed."
EST-028,EST,Signal Processing,Difficult,The z-transform is primarily used to analyze:,Discrete-time signals and systems,Continuous-time systems,Analog filters only,Optical signals,Discrete-time signals and systems,The z-transform converts discrete-time signals to the z-domain (z-plane). It is the discrete-time equivalent of the Laplace transform for continuous-time signals.
EST-029,EST,Antennas,Easy,A yagi-uda antenna is known for being:,Highly directional with high gain,Omnidirectional,Used only for AM broadcasting,A receive-only antenna,Highly directional with high gain,"The Yagi-Uda antenna uses a driven element, reflector, and multiple directors to focus radiation into a narrow, high-gain beam. Common for TV and point-to-point links."
EST-030,EST,AM/FM,Easy,What is the bandwidth of an AM signal with a maximum audio frequency of 5 kHz?,10 kHz,5 kHz,15 kHz,2.5 kHz,10 kHz,"AM bandwidth = 2 × fmax_audio = 2 × 5 kHz = 10 kHz. AM produces two sidebands (USB and LSB), each equal to the maximum audio frequency."
EST-031,EST,Transmission Lines,Difficult,A quarter-wave transformer is used to:,Match impedances between transmission line and load,Amplify signals,Filter frequencies,Generate harmonics,Match impedances between transmission line and load,"A λ/4 transformer with impedance Z_t = √(Z₀·ZL) transforms ZL to Z₀ at the input, achieving impedance matching over a narrow bandwidth."
EST-032,EST,Data Communications,Moderate,The IP address 192.168.1.1 belongs to which class?,Class C,Class A,Class B,Class D,Class C,"Class C IP addresses: first octet 192–223. 192.168.x.x is a private Class C range. Class A: 1–126, Class B: 128–191, Class D: 224–239 (multicast)."
EST-033,EST,Signal Processing,Easy,Aliasing in digital signal processing occurs when:,The sampling rate is too low,The filter order is too high,The signal bandwidth exceeds the system bandwidth,The ADC has insufficient resolution,The sampling rate is too low,"Aliasing occurs when fs < 2·fmax (violating Nyquist). High-frequency components fold back into the lower spectrum, appearing as false low-frequency signals."
EST-034,EST,Antennas,Easy,What is the half-power beamwidth (HPBW) of an antenna?,The angle between points where power drops to half the maximum,The full angle of the main lobe,The angle of the first null,The angle of the back lobe,The angle between points where power drops to half the maximum,HPBW is the angular width of the main lobe measured between the two points where radiated power = half the maximum (−3 dB points). Narrower HPBW = higher directivity.
EST-035,EST,AM/FM,Difficult,Carson's rule approximates the bandwidth of an FM signal as:,BW ≈ 2(Δf + fm),BW ≈ 2Δf,BW ≈ 2fm,BW ≈ Δf + fm,BW ≈ 2(Δf + fm),"Carson's Rule: BW ≈ 2(Δf + fm), where Δf = peak frequency deviation and fm = highest modulating frequency. It captures 98% of total FM signal power."
EST-036,EST,Transmission Lines,Difficult,The propagation constant γ of a transmission line is:,γ = α + jβ,γ = α − jβ,γ = jβ only,γ = α only,γ = α + jβ,"Propagation constant γ = α + jβ, where α = attenuation constant (Np/m) causing signal decay, and β = phase constant (rad/m) causing phase shift."
EST-037,EST,Data Communications,Moderate,What modulation scheme encodes data by varying the frequency of the carrier?,FSK (Frequency Shift Keying),ASK (Amplitude Shift Keying),PSK (Phase Shift Keying),QAM (Quadrature Amplitude Modulation),FSK (Frequency Shift Keying),FSK (Frequency Shift Keying) encodes binary data by shifting the carrier between two frequencies: f₁ for '1' and f₀ for '0'. Robust against amplitude noise.
EST-038,EST,Signal Processing,Moderate,"In an FIR filter, the output depends on:",Current and past inputs only,Past outputs only,Current input and past outputs,Future inputs,Current and past inputs only,FIR (Finite Impulse Response) filters compute output as a weighted sum of current and past inputs only: y[n] = Σ bₖx[n−k]. No feedback → always stable.
EST-039,EST,Antennas,Difficult,An antenna with a gain of 10 dBi radiates 10 W. What is its effective isotropic radiated power (EIRP)?,100 W,10 W,1 W,1000 W,100 W,EIRP = P_tx × G_antenna = 10 W × 10 (10 dBi = 10× linear gain) = 100 W. EIRP represents the equivalent power an isotropic antenna would need.
EST-040,EST,AM/FM,Easy,"In FM, the frequency deviation is proportional to:",The amplitude of the modulating signal,The frequency of the modulating signal,The carrier frequency,The carrier amplitude,The amplitude of the modulating signal,"In FM, the instantaneous frequency fi = fc + kf·m(t), where kf is the frequency sensitivity. Deviation Δf = kf × Am — proportional to modulating signal amplitude."
EST-041,EST,Transmission Lines,Moderate,Distortion on a transmission line is eliminated when the condition __ is met:,R/L = G/C (Heaviside condition),R = G,L = C,α = β,R/L = G/C (Heaviside condition),"Heaviside condition for distortionless transmission: R/L = G/C. Under this condition, all frequencies travel at the same speed and experience equal attenuation."
EST-042,EST,Data Communications,Easy,What is the purpose of a subnet mask?,To identify the network and host portions of an IP address,To encrypt data,To amplify signals,To route packets to the internet,To identify the network and host portions of an IP address,"A subnet mask (e.g., 255.255.255.0) is ANDed with an IP address to separate the network portion from the host portion, used by routers for forwarding decisions."
EST-043,EST,Signal Processing,Easy,What is the convolution of two signals in the time domain equivalent to in the frequency domain?,Multiplication,Addition,Division,Subtraction,Multiplication,"Convolution theorem: multiplication in the frequency domain corresponds to convolution in the time domain, and vice versa: F{x(t)*h(t)} = X(f)·H(f)."
EST-044,EST,Antennas,Moderate,"In antenna theory, reciprocity means:",An antenna's transmit and receive patterns are identical,Antennas only transmit,Gain only applies to transmit mode,Radiation patterns change with frequency,An antenna's transmit and receive patterns are identical,Reciprocity theorem: a passive antenna's far-field radiation pattern when transmitting is identical to its sensitivity pattern when receiving. Gain is also the same.
EST-045,EST,AM/FM,Easy,Single Sideband (SSB) modulation is preferred over full AM because:,It uses half the bandwidth and saves power,It is easier to demodulate,It has higher modulation index,It eliminates the audio signal,It uses half the bandwidth and saves power,"SSB transmits only one sideband (USB or LSB), eliminating the carrier and the other sideband. This halves the bandwidth and increases power efficiency significantly."
EST-046,EST,Transmission Lines,Moderate,The input impedance of a short-circuited quarter-wave line is:,Open circuit (∞),Short circuit (0),Z₀,2Z₀,Open circuit (∞),"A short-circuited (sc) quarter-wave stub: input impedance Zin = jZ₀·tan(βl). For l = λ/4, βl = π/2, tan(π/2) → ∞. So Zin → ∞ (open circuit)."
EST-047,EST,Data Communications,Easy,Which multiplexing technique assigns unique time slots to each channel?,TDM (Time Division Multiplexing),FDM (Frequency Division Multiplexing),CDM (Code Division Multiplexing),WDM (Wavelength Division Multiplexing),TDM (Time Division Multiplexing),TDM assigns each channel a fixed time slot in a repeating frame. All channels share the same frequency but transmit in different time windows.
EST-048,EST,Signal Processing,Easy,A digital filter with poles only at the origin is classified as:,FIR (Finite Impulse Response),IIR (Infinite Impulse Response),Butterworth filter,Chebyshev filter,FIR (Finite Impulse Response),"An FIR filter has poles only at the origin (z = 0) in the z-plane, giving a finite impulse response. No feedback means no recursive terms → always BIBO stable."
EST-049,EST,Antennas,Moderate,A parabolic reflector antenna is commonly used for:,Microwave and satellite communications,AM broadcasting,Low-frequency reception,MF communications,Microwave and satellite communications,"Parabolic (dish) antennas focus incoming waves at the focal point (and vice versa for transmit), providing very high gain and narrow beamwidth for long-distance links."
EST-050,EST,AM/FM,Easy,What is the standard FM broadcast frequency range in the Philippines?,88–108 MHz,540–1700 kHz,76–90 MHz,108–136 MHz,88–108 MHz,"The ITU and the Philippine government allocate 88–108 MHz for FM broadcasting. This falls in the VHF band, providing good range and resistance to AM-type noise."
